{
  "eth_blockNumber": {
    "MeowRPC": 100.46857538223267,
    "EnvioHyperRPC": 95.54788331985473,
    "dRPCFreetier": 124.70897932052613
  },
  "eth_getLogs": {
    "MeowRPC": 5772.397262477874,
    "EnvioHyperRPC": 196.96741676330566,
    "dRPCFreetier": 6169.356437587738
  },
  "eth_getBlockReceipts": {
    "MeowRPC": 129.67082500457764,
    "EnvioHyperRPC": 140.92067070007323,
    "dRPCFreetier": 151.17625455856324
  }
}