{
  "eth_blockNumber": [
    [
      108.01412582397461,
      93.58762550354004,
      93.40095901489258,
      91.22012519836426,
      80.84445858001709,
      103.7318344116211,
      100.85504245758057,
      93.46262550354004,
      126.378249168396,
      113.19070816040039
    ],
    [
      149.79174995422363,
      87.9397087097168,
      89.38462543487549,
      95.1279993057251,
      89.86758327484131,
      92.95174980163574,
      88.3115005493164,
      94.92133331298828,
      81.42899990081787,
      85.75358295440674
    ],
    [
      182.34037494659424,
      203.9853754043579,
      103.85554122924805,
      189.50945949554443,
      83.2341251373291,
      103.48058319091797,
      87.9727087020874,
      102.89395904541016,
      90.55470848083496,
      99.26295757293701
    ]
  ],
  "eth_getLogs": [
    [
      5773.144416809082,
      5632.085457801819,
      5949.400500297546,
      6036.106791496277,
      5644.8172082901,
      5695.8457498550415,
      6057.236166000366,
      5136.393500328064,
      6029.08437538147,
      5769.858458518982
    ],
    [
      1200.600666999817,
      94.82320785522461,
      82.87854099273682,
      95.15079021453857,
      86.61833477020264,
      78.64774990081787,
      83.88279247283936,
      85.09529209136963,
      81.32158374786377,
      80.65520858764648
    ],
    [
      6177.680999755859,
      6101.572334289551,
      6290.98441696167,
      6092.067583084106,
      6184.812666893005,
      6193.0300006866455,
      6182.354665756226,
      6183.165833473206,
      6095.888750076294,
      6192.007124900818
    ]
  ],
  "eth_getBlockReceipts": [
    [
      120.58887481689453,
      139.75554084777832,
      120.9310417175293,
      117.85566711425781,
      159.3360414505005,
      144.95149993896484,
      129.31504154205322,
      122.23570919036865,
      118.74154090881348,
      122.99729251861572
    ],
    [
      194.36195850372314,
      125.59283351898193,
      122.27099990844727,
      123.31287479400635,
      121.9714584350586,
      298.545916557312,
      111.39170742034912,
      114.84587478637695,
      99.53074932098389,
      97.38233375549316
    ],
    [
      223.93645858764648,
      228.4466667175293,
      131.44545936584473,
      132.77025032043457,
      137.86045932769775,
      128.61200046539307,
      120.79241752624512,
      135.15149974822998,
      139.99366664886475,
      132.75366687774658
    ]
  ]
}