{
  "eth_blockNumber": [
    [
      160.36866760253906,
      84.25341701507568,
      74.81820869445801,
      83.67637538909912,
      87.99266719818115,
      74.64945888519287,
      90.47020721435547,
      74.80520915985107,
      82.12062549591064,
      83.35016632080078,
      87.07887554168701,
      81.9459581375122,
      81.86645793914795,
      68.57829189300537,
      86.33008289337158,
      74.74062538146973,
      74.08716678619385,
      80.51258277893066,
      83.74520778656006,
      87.83183288574219,
      77.61254215240479,
      81.82604217529297,
      78.35904121398926,
      74.75820827484131,
      76.30070781707764,
      73.63479232788086,
      75.66404151916504,
      78.3742904663086,
      81.83912467956543,
      76.18404197692871
    ],
    [
      117.80329132080078,
      87.03629207611084,
      92.25658226013184,
      91.66399955749512,
      88.83095836639404,
      92.1314582824707,
      81.79562473297119,
      100.1780834197998,
      78.12120819091797,
      78.41250038146973,
      86.67229175567627,
      91.92804145812988,
      100.15416717529297,
      85.16995811462402,
      86.1746654510498,
      81.17312526702881,
      109.32883262634277,
      89.86620807647705,
      86.0942907333374,
      86.74324989318848,
      95.47983264923096,
      102.46262550354004,
      89.58625030517578,
      90.19758415222168,
      92.42108345031738,
      80.12975025177002,
      88.49429225921631,
      89.83279132843018,
      82.39620876312256,
      85.85283279418945
    ],
    [
      205.60558319091797,
      166.1748332977295,
      89.65020751953125,
      175.41499996185303,
      82.65066623687744,
      91.89958381652832,
      91.62883377075195,
      82.98054218292236,
      94.8943338394165,
      85.46374988555908,
      86.92754077911377,
      78.3335828781128,
      77.17279243469238,
      86.44579124450684,
      83.25675010681152,
      97.99787521362305,
      92.09324932098389,
      89.20645904541016,
      93.94912528991699,
      78.10254192352295,
      102.92008304595947,
      82.00508308410645,
      84.78983306884766,
      97.25650024414062,
      86.66462516784668,
      97.90383338928223,
      77.92687511444092,
      106.16108417510986,
      85.75933265686035,
      77.20729160308838
    ]
  ],
  "eth_getLogs": [
    [
      147.2668752670288,
      136.4897918701172,
      158.7849588394165,
      142.94204235076904,
      144.7894172668457,
      166.24200057983398,
      149.23045921325684,
      163.84266662597656,
      157.5957088470459,
      198.40912437438965,
      153.92175006866455,
      147.23716735839844,
      163.60216617584229,
      152.54383373260498,
      161.45516681671143,
      160.43212509155273,
      140.05666637420654,
      163.57679176330566,
      177.60958290100098,
      160.60108280181885,
      157.73637580871582,
      163.16629123687744,
      156.5900001525879,
      141.40008354187012,
      183.30512523651123,
      163.61470794677734,
      131.97545909881592,
      150.73408222198486,
      150.2358751296997,
      161.51800060272217
    ],
    [
      378.0652084350586,
      345.89691734313965,
      594.3963327407837,
      216.53600025177002,
      229.63975048065186,
      244.3372917175293,
      206.96191596984863,
      249.6592502593994,
      257.1515417098999,
      265.85208320617676,
      224.76333332061768,
      233.1475830078125,
      193.52904224395752,
      240.76375007629395,
      351.07583236694336,
      219.0079164505005,
      347.4459161758423,
      303.3774175643921,
      209.18479251861572,
      263.44037532806396,
      239.57733249664307,
      208.39208221435547,
      337.6515827178955,
      310.13875007629395,
      243.3767499923706,
      224.12962436676025,
      209.60900020599365,
      228.42845821380615,
      1004.663875579834,
      971.9182920455933
    ],
    [
      767.7095422744751,
      770.3014583587646,
      721.242917060852,
      692.0792093276978,
      1387.4749994277954,
      1335.9659156799316,
      637.0618343353271,
      801.5065412521362,
      674.1086254119873,
      862.0794992446899,
      613.2741250991821,
      718.1969165802002,
      713.8175001144409,
      647.9067916870117,
      782.8881244659424,
      1223.949125289917,
      621.7432498931885,
      815.7540836334229,
      720.5948324203491,
      900.7706241607666,
      1764.601999282837,
      900.5511245727539,
      438.9347505569458,
      1008.5533752441406,
      2462.6667919158936,
      1161.591332435608,
      801.6307497024536,
      716.7784585952759,
      725.7777090072632,
      968.4806251525879
    ]
  ],
  "eth_getBlockReceipts": [
    [
      203.40837478637695,
      149.36120796203613,
      165.78487491607666,
      129.31216621398926,
      140.43737506866455,
      128.20454216003418,
      139.6113748550415,
      177.25054168701172,
      135.92466735839844,
      160.1219997406006,
      161.691499710083,
      134.22258281707764,
      138.9702501296997,
      121.62745952606201,
      149.1956663131714,
      115.13454151153564,
      110.40666580200195,
      154.8581247329712,
      124.55404281616211,
      125.76083374023438,
      148.569917678833,
      109.00320816040039,
      136.54033374786377,
      136.85779190063477,
      135.7315845489502,
      133.84166717529297,
      125.52937507629395,
      121.1297082901001,
      150.5180425643921,
      122.73541641235352
    ],
    [
      154.7011661529541,
      213.43658351898193,
      156.96299934387207,
      215.70233345031738,
      202.9484577178955,
      168.2924575805664,
      171.22129249572754,
      175.15545845031738,
      199.13212490081787,
      154.19012451171875,
      148.57445907592773,
      163.92495918273926,
      182.38458251953125,
      158.21337509155273,
      177.3782091140747,
      159.25625038146973,
      283.857458114624,
      236.9663324356079,
      149.60520935058594,
      153.515625,
      176.73979091644287,
      151.45008373260498,
      144.70691680908203,
      151.8402500152588,
      190.17300033569336,
      207.97137546539307,
      149.6699161529541,
      167.14695739746094,
      190.63266563415527,
      161.3166675567627
    ],
    [
      155.59854221343994,
      239.34308433532715,
      143.62758350372314,
      135.5397491455078,
      135.15066623687744,
      3365.6082496643066,
      141.0733757019043,
      319.60054206848145,
      137.4038324356079,
      389.0359163284302,
      206.54820823669434,
      159.96462440490723,
      649.1870002746582,
      257.3968744277954,
      129.6589584350586,
      133.2547082901001,
      135.0138750076294,
      170.43316745758057,
      146.3935422897339,
      164.6344165802002,
      147.63233280181885,
      124.11679267883301,
      154.5386667251587,
      158.06487560272217,
      141.14958381652832,
      115.04783344268799,
      157.25420761108398,
      140.3112497329712,
      173.5696668624878,
      165.73504257202148
    ]
  ]
}